{
    "train_losses": [
        0.6033915616989136,
        0.47702156457901,
        0.4104686408996582,
        0.3661638343811035,
        0.331775452375412,
        0.306634047460556,
        0.28347919664382937,
        0.26804079229831695,
        0.25158539443016054,
        0.2359119752407074,
        0.23036399257183074,
        0.229229910159111,
        0.22163475279808045,
        0.22219332489967347,
        0.2206271502494812
    ],
    "val_losses": [
        0.5173620524406433,
        0.4356052403450012,
        0.38631708598136905,
        0.342444625377655,
        0.31251762533187866,
        0.28657794189453123,
        0.27117428612709044,
        0.25675272369384766,
        0.2470895267724991,
        0.23550140595436095,
        0.2304651825428009,
        0.22660819101333618,
        0.22245564067363738,
        0.21572366547584534,
        0.21948240649700165
    ],
    "train_ious": [
        0.3001120623588562,
        0.6053233333587646,
        0.674578710269928,
        0.7194807415962219,
        0.7554466077804566,
        0.7554188884735108,
        0.7788316158294678,
        0.7930395902633667,
        0.7888812229156494,
        0.7988269363403321,
        0.8150900972366333,
        0.8004089393615723,
        0.816580334854126,
        0.8090763056755066,
        0.814778036403656
    ],
    "val_ious": [
        0.5574880924224853,
        0.6625660886764526,
        0.7374871196746826,
        0.7447797446250916,
        0.7907481036186218,
        0.8290012974739075,
        0.8070080575942993,
        0.8077531352043151,
        0.7340768404006958,
        0.8344864315986633,
        0.8324008746147156,
        0.8347668037414551,
        0.8172338042259216,
        0.8392152600288391,
        0.8165988869667054
    ]
}